{
  "lessons": [
    {
      "premise": "Not everything has a single meaning",
      "conclusion": "Some things have multiple interpretations",
      "source": "core teaching",
      "confidence": 1.0,
      "emotion_weight": null
    },
    {
      "premise": "Not everything has a single meaning",
      "conclusion": "Some things have multiple interpretations",
      "source": "core teaching",
      "confidence": 1.0,
      "emotion_weight": null
    },
    {
      "premise": "Not everything has a single meaning",
      "conclusion": "Some things have multiple interpretations",
      "source": "core teaching",
      "confidence": 1.0,
      "emotion_weight": null
    },
    {
      "premise": "Not everything has a single meaning",
      "conclusion": "Some things have multiple interpretations",
      "source": "core teaching",
      "confidence": 1.0,
      "emotion_weight": null
    }
  ]
}